userId,testValues
1, 8.550510e+00 8 0 0 0
2, 5.404082e+00 0 0 0 0
3, 5.000000e+00 0 0 0 0
